"Date","Subject","Group","Behavior","Modifiers","Day_occurrences","Day_duration","Day_visible","Percent_time_visible"
2025-05-05,"Broken beak","Broken beak","Feed","Auto-|Successful|None",4,NA,46.04,NA
2025-05-05,"Broken beak","Broken beak","Feed","Auto-|Unknown|None",9,NA,46.04,NA
2025-05-05,"Broken beak","Broken beak","Feed","Auto-|Unsuccessful|None",1,NA,46.04,NA
2025-05-05,"Broken beak","Broken beak","Foraging","",5,46.04,46.04,1
2025-05-05,"No focal subject","No focal","Close proximity","Broken beak|Other crow #1",1,4.6,0,NA
2025-05-05,"No focal subject","No focal","Close proximity","Mutual|Mutual",2,38.92,0,NA
2025-05-05,"No focal subject","No focal","Close proximity","Other crow #1|Broken beak",1,1.241,0,NA
2025-05-05,"No focal subject","No focal","Unclear video","",13,77.626,0,NA
2025-05-05,"Other crow #1","Other crows","Feed","Auto-|Successful|None",28,NA,678.192,NA
2025-05-05,"Other crow #1","Other crows","Feed","Auto-|Unknown|None",55,NA,678.192,NA
2025-05-05,"Other crow #1","Other crows","Feed","Auto-|Unsuccessful|None",54,NA,678.192,NA
2025-05-05,"Other crow #1","Other crows","Foraging","",12,673.552,678.192,0.993158279661217
2025-05-05,"Other crow #1","Other crows","Preen","Auto-|None",2,4.64,678.192,0.00684172033878312
2025-05-08,"Broken beak","Broken beak","Alert","",1,5.64,45.92,0.122822299651568
2025-05-08,"Broken beak","Broken beak","Feed","Auto-|Successful|None",3,NA,45.92,NA
2025-05-08,"Broken beak","Broken beak","Feed","Auto-|Unknown|None",1,NA,45.92,NA
2025-05-08,"Broken beak","Broken beak","Feed","Auto-|Unsuccessful|None",5,NA,45.92,NA
2025-05-08,"Broken beak","Broken beak","Foraging","",1,40.28,45.92,0.877177700348432
2025-05-08,"No focal subject","No focal","Unclear video","",1,2.48,0,NA
2025-05-14,"Broken beak","Broken beak","Alert","",1,0.96,86.389,0.0111125259002882
2025-05-14,"Broken beak","Broken beak","Beg call","",7,NA,86.389,NA
2025-05-14,"Broken beak","Broken beak","Brief flight","",1,0.159,86.389,0.00184051210223524
2025-05-14,"Broken beak","Broken beak","Feed","Auto-|Unknown|None",4,NA,86.389,NA
2025-05-14,"Broken beak","Broken beak","Feed","Auto-|Unsuccessful|None",3,NA,86.389,NA
2025-05-14,"Broken beak","Broken beak","Foraging","",6,33.717,86.389,0.390292745604186
2025-05-14,"Broken beak","Broken beak","Open mouth","",17,NA,86.389,NA
2025-05-14,"Broken beak","Broken beak","Resting","",2,2.439,86.389,0.0282327611154198
2025-05-14,"Broken beak","Broken beak","Wing flutter","",45,NA,86.389,NA
2025-05-14,"No focal subject","No focal","Begging session","Broken beak,Other crow #1",9,49.114,0,NA
2025-05-14,"No focal subject","No focal","Close proximity","Other crow #1|Broken beak",6,61.88,0,NA
2025-05-14,"No focal subject","No focal","Unclear video","",35,157.748,0,NA
2025-05-14,"Other crow #1","Other crows","Alert","",4,8.2,748.421,0.0109564002079044
2025-05-14,"Other crow #1","Other crows","Feed","Allo-|Successful|Broken beak",1,NA,748.421,NA
2025-05-14,"Other crow #1","Other crows","Feed","Auto-|Successful|None",117,NA,748.421,NA
2025-05-14,"Other crow #1","Other crows","Feed","Auto-|Unknown|None",38,NA,748.421,NA
2025-05-14,"Other crow #1","Other crows","Feed","Auto-|Unsuccessful|None",14,NA,748.421,NA
2025-05-14,"Other crow #1","Other crows","Foraging","",38,691.107,748.421,0.923420107132216
2025-05-15,"No focal subject","No focal","Unclear video","",23,66.564,0,NA
2025-05-15,"Other crow #1","Other crows","Alert","",20,98.6,1295.101,0.076133058348345
2025-05-15,"Other crow #1","Other crows","Feed","Auto-|Successful|None",87,NA,1295.101,NA
2025-05-15,"Other crow #1","Other crows","Feed","Auto-|Unknown|None",82,NA,1295.101,NA
2025-05-15,"Other crow #1","Other crows","Feed","Auto-|Unsuccessful|None",37,NA,1295.101,NA
2025-05-15,"Other crow #1","Other crows","Foraging","",38,1196.501,1295.101,0.923866941651655
2025-05-23,"Broken beak","Broken beak","Alert","",6,62.96,1059.548,0.0594215646671977
2025-05-23,"Broken beak","Broken beak","Feed","Auto-|Successful|None",29,NA,1059.548,NA
2025-05-23,"Broken beak","Broken beak","Feed","Auto-|Unknown|None",18,NA,1059.548,NA
2025-05-23,"Broken beak","Broken beak","Feed","Auto-|Unsuccessful|None",59,NA,1059.548,NA
2025-05-23,"Broken beak","Broken beak","Foraging","",33,996.588,1059.548,0.940578435332802
2025-05-23,"Broken beak","Broken beak","Vocal","",32,NA,1059.548,NA
2025-05-23,"No focal subject","No focal","Close proximity","Broken beak|Other crow #1",1,14.32,0,NA
2025-05-23,"No focal subject","No focal","Close proximity","Mutual|Mutual",5,56.679,0,NA
2025-05-23,"No focal subject","No focal","Close proximity","Other crow #1|Broken beak",2,54.12,0,NA
2025-05-23,"No focal subject","No focal","Unclear video","",55,283.369,0,NA
2025-05-23,"Other crow #1","Other crows","Alert","",7,56.279,806.291,0.0697998613403846
2025-05-23,"Other crow #1","Other crows","Brief flight","",3,6,806.291,0.00744148204556419
2025-05-23,"Other crow #1","Other crows","Feed","Auto-|Successful|None",30,NA,806.291,NA
2025-05-23,"Other crow #1","Other crows","Feed","Auto-|Unknown|None",26,NA,806.291,NA
2025-05-23,"Other crow #1","Other crows","Feed","Auto-|Unsuccessful|None",3,NA,806.291,NA
2025-05-23,"Other crow #1","Other crows","Foraging","",40,661.877,806.291,0.820890968645315
2025-05-23,"Other crow #1","Other crows","Preen","Auto-|None",4,16.8,806.291,0.0208361497275797
2025-05-23,"Other crow #1","Other crows","Resting","",2,65.335,806.291,0.0810315382411561
2025-05-23,"Other crow #2","Other crows","Feed","Auto-|Successful|None",1,NA,87.278,NA
2025-05-23,"Other crow #2","Other crows","Feed","Auto-|Unknown|None",9,NA,87.278,NA
2025-05-23,"Other crow #2","Other crows","Foraging","",6,87.278,87.278,1
2025-05-30,"Broken beak","Broken beak","Alert","",6,16.144,822.986,0.0196163725749891
2025-05-30,"Broken beak","Broken beak","Beg call","",2,NA,822.986,NA
2025-05-30,"Broken beak","Broken beak","Brief flight","",2,3.48,822.986,0.00422850449460866
2025-05-30,"Broken beak","Broken beak","Feed","Auto-|Successful|None",7,NA,822.986,NA
2025-05-30,"Broken beak","Broken beak","Feed","Auto-|Unknown|None",39,NA,822.986,NA
2025-05-30,"Broken beak","Broken beak","Feed","Auto-|Unsuccessful|None",22,NA,822.986,NA
2025-05-30,"Broken beak","Broken beak","Foraging","",28,746.378,822.986,0.906914576918684
2025-05-30,"Broken beak","Broken beak","Open mouth","",2,NA,822.986,NA
2025-05-30,"Broken beak","Broken beak","Preen","Auto-|Broken beak",1,3.84,822.986,0.00466593599405093
2025-05-30,"Broken beak","Broken beak","Resting","",2,32.104,822.986,0.0390091690502633
2025-05-30,"Broken beak","Broken beak","Wing flutter","",8,NA,822.986,NA
2025-05-30,"No focal subject","No focal","Begging session","Broken beak,Other crow #1",1,10.04,0,NA
2025-05-30,"No focal subject","No focal","Begging session","Broken beak,Other crow #1,Other crow #2",1,11,0,NA
2025-05-30,"No focal subject","No focal","Close proximity","Broken beak|Other crow #1",1,6.52,0,NA
2025-05-30,"No focal subject","No focal","Close proximity","Mutual|Mutual",9,168.2,0,NA
2025-05-30,"No focal subject","No focal","Close proximity","None|None",4,33.4,0,NA
2025-05-30,"No focal subject","No focal","Close proximity","Other crow #1|Broken beak",1,17.12,0,NA
2025-05-30,"No focal subject","No focal","Unclear video","",18,54.923,0,NA
2025-05-30,"Other crow #1","Other crows","Alert","",2,2.56,230.66,0.0110985866643545
2025-05-30,"Other crow #1","Other crows","Feed","Allo-|Successful|Broken beak",2,NA,230.66,NA
2025-05-30,"Other crow #1","Other crows","Feed","Auto-|Successful|None",7,NA,230.66,NA
2025-05-30,"Other crow #1","Other crows","Feed","Auto-|Unknown|None",12,NA,230.66,NA
2025-05-30,"Other crow #1","Other crows","Foraging","",18,187,230.66,0.810717072747767
2025-05-30,"Other crow #1","Other crows","Resting","",1,20.06,230.66,0.086967831440215
2025-05-30,"Other crow #2","Other crows","Alert","",1,4.96,40.76,0.121687929342493
2025-05-30,"Other crow #2","Other crows","Feed","Auto-|Successful|None",1,NA,40.76,NA
2025-05-30,"Other crow #2","Other crows","Feed","Auto-|Unknown|None",2,NA,40.76,NA
2025-05-30,"Other crow #2","Other crows","Foraging","",3,24.8,40.76,0.608439646712463
2025-06-10,"Broken beak","Broken beak","Alert","",11,68.439,1741.873,0.0392904649190842
2025-06-10,"Broken beak","Broken beak","Beg call","",6,NA,1741.873,NA
2025-06-10,"Broken beak","Broken beak","Brief flight","",2,5.68,1741.873,0.00326085770891448
2025-06-10,"Broken beak","Broken beak","Feed","Auto-|Successful|None",39,NA,1741.873,NA
2025-06-10,"Broken beak","Broken beak","Feed","Auto-|Unknown|None",89,NA,1741.873,NA
2025-06-10,"Broken beak","Broken beak","Feed","Auto-|Unsuccessful|None",63,NA,1741.873,NA
2025-06-10,"Broken beak","Broken beak","Foraging","",63,1597.954,1741.873,0.917376869611045
2025-06-10,"Broken beak","Broken beak","Open mouth","",10,NA,1741.873,NA
2025-06-10,"Broken beak","Broken beak","Preen","Auto-|None",3,3.64,1741.873,0.00208970458810717
2025-06-10,"Broken beak","Broken beak","Resting","",1,20.12,1741.873,0.0115507847012957
2025-06-10,"Broken beak","Broken beak","Vocal","",1,NA,1741.873,NA
2025-06-10,"Broken beak","Broken beak","Wing flutter","",29,NA,1741.873,NA
2025-06-10,"No focal subject","No focal","Begging session","Broken beak,Other crow #1",2,46.04,0,NA
2025-06-10,"No focal subject","No focal","Close proximity","Broken beak|Other crow #1",5,72.04,0,NA
2025-06-10,"No focal subject","No focal","Close proximity","Mutual|Mutual",17,294.558,0,NA
2025-06-10,"No focal subject","No focal","Close proximity","Other crow #1|Broken beak",8,209.84,0,NA
2025-06-10,"No focal subject","No focal","Close proximity","Other crow #2|Broken beak",1,5.96,0,NA
2025-06-10,"No focal subject","No focal","Unclear video","",71,422.483,0,NA
2025-06-10,"Other crow #1","Other crows","Alert","",28,165.597,2006.035,0.082549407163883
2025-06-10,"Other crow #1","Other crows","Brief flight","",3,6.16,2006.035,0.00307073405997403
2025-06-10,"Other crow #1","Other crows","Feed","Allo-|Successful|Broken beak",6,NA,2006.035,NA
2025-06-10,"Other crow #1","Other crows","Feed","Allo-|Unknown|Broken beak",1,NA,2006.035,NA
2025-06-10,"Other crow #1","Other crows","Feed","Auto-|Successful|None",31,NA,2006.035,NA
2025-06-10,"Other crow #1","Other crows","Feed","Auto-|Unknown|None",28,NA,2006.035,NA
2025-06-10,"Other crow #1","Other crows","Feed","Auto-|Unsuccessful|None",8,NA,2006.035,NA
2025-06-10,"Other crow #1","Other crows","Foraging","",78,1611.199,2006.035,0.803175916671444
2025-06-10,"Other crow #1","Other crows","Preen","Auto-|None",1,13.32,2006.035,0.00663996390890488
2025-06-10,"Other crow #1","Other crows","Resting","",5,163.719,2006.035,0.0816132320722221
2025-06-10,"Other crow #2","Other crows","Alert","",1,9,135.6,0.0663716814159292
2025-06-10,"Other crow #2","Other crows","Brief flight","",2,3,135.6,0.0221238938053097
2025-06-10,"Other crow #2","Other crows","Feed","Auto-|Successful|None",1,NA,135.6,NA
2025-06-10,"Other crow #2","Other crows","Feed","Auto-|Unknown|None",4,NA,135.6,NA
2025-06-10,"Other crow #2","Other crows","Foraging","",7,54.12,135.6,0.399115044247788
2025-06-10,"Other crow #2","Other crows","Preen","Auto-|None",2,20.6,135.6,0.151917404129793
2025-06-10,"Other crow #2","Other crows","Resting","",3,48.88,135.6,0.36047197640118
2025-06-13,"Broken beak","Broken beak","Alert","",4,34.08,1474.52,0.0231126061362342
2025-06-13,"Broken beak","Broken beak","Beg call","",11,NA,1474.52,NA
2025-06-13,"Broken beak","Broken beak","Feed","Auto-|Successful|None",20,NA,1474.52,NA
2025-06-13,"Broken beak","Broken beak","Feed","Auto-|Unknown|None",101,NA,1474.52,NA
2025-06-13,"Broken beak","Broken beak","Feed","Auto-|Unsuccessful|None",83,NA,1474.52,NA
2025-06-13,"Broken beak","Broken beak","Foraging","",22,1100.8,1474.52,0.74654802918916
2025-06-13,"Broken beak","Broken beak","Preen","Auto-|None",7,222.24,1474.52,0.150720234381358
2025-06-13,"Broken beak","Broken beak","Resting","",2,82.2,1474.52,0.055746954941269
2025-06-13,"Broken beak","Broken beak","Wing flutter","",8,NA,1474.52,NA
2025-06-13,"No focal subject","No focal","Begging session","Broken beak,Other crow #1",2,35.2,0,NA
2025-06-13,"No focal subject","No focal","Close proximity","Broken beak|Other crow #1",1,88.119,0,NA
2025-06-13,"No focal subject","No focal","Close proximity","Mutual|Mutual",8,518.557,0,NA
2025-06-13,"No focal subject","No focal","Close proximity","None|None",1,21.8,0,NA
2025-06-13,"No focal subject","No focal","Close proximity","Other crow #1|Broken beak",1,96.039,0,NA
2025-06-13,"No focal subject","No focal","Unclear video","",24,236.339,0,NA
2025-06-13,"Other crow #1","Other crows","Alert","",1,3.56,730.22,0.00487524307742872
2025-06-13,"Other crow #1","Other crows","Feed","Allo-|Unknown|Broken beak",2,NA,730.22,NA
2025-06-13,"Other crow #1","Other crows","Feed","Auto-|Successful|None",11,NA,730.22,NA
2025-06-13,"Other crow #1","Other crows","Feed","Auto-|Unknown|None",7,NA,730.22,NA
2025-06-13,"Other crow #1","Other crows","Feed","Auto-|Unsuccessful|None",1,NA,730.22,NA
2025-06-13,"Other crow #1","Other crows","Foraging","",17,454.18,730.22,0.621976938456903
2025-06-13,"Other crow #1","Other crows","Preen","Auto-|None",2,8.36,730.22,0.0114486045301416
2025-06-13,"Other crow #1","Other crows","Resting","",4,228.92,730.22,0.313494563282299
2025-06-19,"Broken beak","Broken beak","Alert","",2,24.12,196.818,0.122549766789623
2025-06-19,"Broken beak","Broken beak","Feed","Auto-|Successful|None",7,NA,196.818,NA
2025-06-19,"Broken beak","Broken beak","Feed","Auto-|Unknown|None",26,NA,196.818,NA
2025-06-19,"Broken beak","Broken beak","Feed","Auto-|Unsuccessful|None",3,NA,196.818,NA
2025-06-19,"Broken beak","Broken beak","Foraging","",20,160.258,196.818,0.814244632096658
2025-06-19,"Broken beak","Broken beak","Preen","Auto-|Broken beak",1,0.8,196.818,0.00406466888191121
2025-06-19,"Broken beak","Broken beak","Preen","Auto-|None",4,11.64,196.818,0.0591409322318081
2025-06-19,"No focal subject","No focal","Close proximity","Mutual|Mutual",6,45.64,0,NA
2025-06-19,"No focal subject","No focal","Close proximity","Other crow #1|Broken beak",1,0.2,0,NA
2025-06-19,"No focal subject","No focal","Unclear video","",15,29.258,0,NA
2025-06-19,"Other crow #1","Other crows","Feed","Auto-|Unknown|None",4,NA,387.388,NA
2025-06-19,"Other crow #1","Other crows","Feed","Auto-|Unsuccessful|None",6,NA,387.388,NA
2025-06-19,"Other crow #1","Other crows","Foraging","",11,245.071,387.388,0.632624139106013
2025-06-19,"Other crow #1","Other crows","Preen","Auto-|None",6,16.44,387.388,0.0424380724235134
2025-06-19,"Other crow #1","Other crows","Resting","",5,125.877,387.388,0.324937788470474
2025-06-20,"Broken beak","Broken beak","Alert","",4,25.72,170.999,0.150410236317171
2025-06-20,"Broken beak","Broken beak","Feed","Auto-|Successful|None",1,NA,170.999,NA
2025-06-20,"Broken beak","Broken beak","Feed","Auto-|Unknown|None",3,NA,170.999,NA
2025-06-20,"Broken beak","Broken beak","Feed","Auto-|Unsuccessful|None",3,NA,170.999,NA
2025-06-20,"Broken beak","Broken beak","Foraging","",6,122.16,170.999,0.714390142632413
2025-06-20,"Broken beak","Broken beak","Preen","Auto-|None",3,23.119,170.999,0.135199621050415
2025-06-20,"No focal subject","No focal","Unclear video","",15,46.738,0,NA
2025-06-20,"Other crow #1","Other crows","Alert","",3,14.52,592.239,0.0245171290644486
2025-06-20,"Other crow #1","Other crows","Feed","Auto-|Successful|None",19,NA,592.239,NA
2025-06-20,"Other crow #1","Other crows","Feed","Auto-|Unknown|None",30,NA,592.239,NA
2025-06-20,"Other crow #1","Other crows","Feed","Auto-|Unsuccessful|None",2,NA,592.239,NA
2025-06-20,"Other crow #1","Other crows","Foraging","",14,479.839,592.239,0.810211755726995
2025-06-20,"Other crow #1","Other crows","Preen","Auto-|None",2,71.88,592.239,0.121369919914089
2025-06-20,"Other crow #1","Other crows","Resting","",1,26,592.239,0.0439011952944673
2025-06-27,"No focal subject","No focal","Unclear video","",17,72.856,0,NA
2025-06-27,"Other crow #1","Other crows","Alert","",5,30.277,943.748,0.0320816573915918
2025-06-27,"Other crow #1","Other crows","Foraging","",12,165.194,943.748,0.175040370946481
2025-06-27,"Other crow #1","Other crows","Resting","",14,748.277,943.748,0.792877971661927
2025-06-27,"Other crow #1","Other crows","Vocal","",3,NA,943.748,NA
2025-07-01,"Broken beak","Broken beak","Alert","",3,17.92,957.957,0.0187064763867272
2025-07-01,"Broken beak","Broken beak","Brief flight","",1,4.6,957.957,0.00480188567962863
2025-07-01,"Broken beak","Broken beak","Feed","Auto-|Successful|None",4,NA,957.957,NA
2025-07-01,"Broken beak","Broken beak","Feed","Auto-|Unknown|None",55,NA,957.957,NA
2025-07-01,"Broken beak","Broken beak","Foraging","",48,935.437,957.957,0.976491637933644
2025-07-01,"Broken beak","Broken beak","Open mouth","",1,NA,957.957,NA
2025-07-01,"No focal subject","No focal","Close proximity","Broken beak|Other crow #1",2,42.84,0,NA
2025-07-01,"No focal subject","No focal","Close proximity","Mutual|Mutual",12,246.439,0,NA
2025-07-01,"No focal subject","No focal","Close proximity","Other crow #1|Broken beak",4,143.959,0,NA
2025-07-01,"No focal subject","No focal","Close proximity","Other crow #2|Other crow #1",1,30.96,0,NA
2025-07-01,"No focal subject","No focal","Unclear video","",52,269.411,0,NA
2025-07-01,"Other crow #1","Other crows","Alert","",2,5.4,861.319,0.00626945417435352
2025-07-01,"Other crow #1","Other crows","Feed","Auto-|Successful|None",20,NA,861.319,NA
2025-07-01,"Other crow #1","Other crows","Feed","Auto-|Unknown|None",42,NA,861.319,NA
2025-07-01,"Other crow #1","Other crows","Foraging","",35,813.479,861.319,0.944457280055357
2025-07-01,"Other crow #1","Other crows","Resting","",1,42.44,861.319,0.0492732657702895
2025-07-01,"Other crow #1","Other crows","Vocal","",1,NA,861.319,NA
2025-07-01,"Other crow #2","Other crows","Feed","Auto-|Successful|None",2,NA,249.56,NA
2025-07-01,"Other crow #2","Other crows","Feed","Auto-|Unknown|None",13,NA,249.56,NA
2025-07-01,"Other crow #2","Other crows","Foraging","",5,237.96,249.56,0.953518192017952
2025-07-01,"Other crow #2","Other crows","Resting","",1,11.6,249.56,0.0464818079820484
2025-07-10,"Broken beak","Broken beak","Feed","Auto-|Unknown|None",1,NA,691.56,NA
2025-07-10,"Broken beak","Broken beak","Foraging","",2,82.56,691.56,0.119382266180809
2025-07-10,"Broken beak","Broken beak","Open mouth","",1,NA,691.56,NA
2025-07-10,"Broken beak","Broken beak","Preen","Auto-|None",20,245.32,691.56,0.35473422407311
2025-07-10,"Broken beak","Broken beak","Resting","",13,363.68,691.56,0.525883509746081
2025-07-10,"No focal subject","No focal","Close proximity","Mutual|Mutual",1,47.48,0,NA
2025-07-10,"No focal subject","No focal","Unclear video","",23,124.482,0,NA
2025-07-10,"Other crow #1","Other crows","Feed","Auto-|Unknown|None",1,NA,47.48,NA
2025-07-10,"Other crow #1","Other crows","Foraging","",1,47.48,47.48,1
2025-07-10,"Other crow #2","Other crows","Feed","Auto-|Unknown|None",1,NA,25.8,NA
2025-07-10,"Other crow #2","Other crows","Foraging","",1,25.8,25.8,1
2025-07-11,"No focal subject","No focal","Close proximity","Other crow #1|Other crow #2",1,61.64,0,NA
2025-07-11,"No focal subject","No focal","Unclear video","",8,17.28,0,NA
2025-07-11,"Other crow #1","Other crows","Alert","",4,22.28,1015.637,0.0219369715754743
2025-07-11,"Other crow #1","Other crows","Feed","Auto-|Successful|None",4,NA,1015.637,NA
2025-07-11,"Other crow #1","Other crows","Feed","Auto-|Unknown|None",5,NA,1015.637,NA
2025-07-11,"Other crow #1","Other crows","Foraging","",15,360.839,1015.637,0.355283432958823
2025-07-11,"Other crow #1","Other crows","Preen","Auto-|None",3,26,1015.637,0.0255996975297276
2025-07-11,"Other crow #1","Other crows","Resting","",10,606.518,1015.637,0.597179897935975
2025-07-11,"Other crow #2","Other crows","Feed","Auto-|Successful|None",3,NA,61.24,NA
2025-07-11,"Other crow #2","Other crows","Feed","Auto-|Unknown|None",1,NA,61.24,NA
2025-07-11,"Other crow #2","Other crows","Foraging","",1,61.24,61.24,1
2025-07-15,"Broken beak","Broken beak","Alert","",17,47.96,2524.799,0.0189955715286643
2025-07-15,"Broken beak","Broken beak","Brief flight","",1,2.28,2524.799,0.000903042182763856
2025-07-15,"Broken beak","Broken beak","Feed","Auto-|Successful|None",122,NA,2524.799,NA
2025-07-15,"Broken beak","Broken beak","Feed","Auto-|Unknown|None",212,NA,2524.799,NA
2025-07-15,"Broken beak","Broken beak","Feed","Auto-|Unsuccessful|None",22,NA,2524.799,NA
2025-07-15,"Broken beak","Broken beak","Foraging","",164,2271.679,2524.799,0.8997464748679
2025-07-15,"Broken beak","Broken beak","Preen","Auto-|None",6,42.84,2524.799,0.0169676873287735
2025-07-15,"Broken beak","Broken beak","Resting","",5,160.04,2524.799,0.063387224091898
2025-07-15,"No focal subject","No focal","Close proximity","Mutual|Mutual",2,37.439,0,NA
2025-07-15,"No focal subject","No focal","Close proximity","None|None",4,82.677,0,NA
2025-07-15,"No focal subject","No focal","Close proximity","Other crow #1|Broken beak",4,140.158,0,NA
2025-07-15,"No focal subject","No focal","Unclear video","",166,706.543,0,NA
2025-07-15,"No focal subject","No focal","Within 5m","Mutual|Mutual",3,72.04,0,NA
2025-07-15,"Other crow #1","Other crows","Alert","",1,2.48,507.56,0.00488612183781228
2025-07-15,"Other crow #1","Other crows","Feed","Auto-|Successful|None",31,NA,507.56,NA
2025-07-15,"Other crow #1","Other crows","Feed","Auto-|Unknown|None",44,NA,507.56,NA
2025-07-15,"Other crow #1","Other crows","Feed","Auto-|Unsuccessful|None",2,NA,507.56,NA
2025-07-15,"Other crow #1","Other crows","Foraging","",38,375.08,507.56,0.738986523760738
2025-07-15,"Other crow #1","Other crows","Open mouth","",1,NA,507.56,NA
2025-07-15,"Other crow #1","Other crows","Preen","Auto-|None",1,2.24,507.56,0.00441327133737883
2025-07-15,"Other crow #1","Other crows","Resting","",7,127.76,507.56,0.251714083064071
2025-07-15,"Other crow #2","Other crows","Alert","",1,0.6,57.76,0.010387811634349
2025-07-15,"Other crow #2","Other crows","Feed","Auto-|Unknown|None",7,NA,57.76,NA
2025-07-15,"Other crow #2","Other crows","Feed","Auto-|Unsuccessful|None",1,NA,57.76,NA
2025-07-15,"Other crow #2","Other crows","Foraging","",10,57.16,57.76,0.989612188365651
2025-07-17,"Broken beak","Broken beak","Alert","",4,4.24,749.076,0.00566030683134956
2025-07-17,"Broken beak","Broken beak","Feed","Auto-|Successful|None",5,NA,749.076,NA
2025-07-17,"Broken beak","Broken beak","Feed","Auto-|Unknown|None",50,NA,749.076,NA
2025-07-17,"Broken beak","Broken beak","Feed","Auto-|Unsuccessful|None",1,NA,749.076,NA
2025-07-17,"Broken beak","Broken beak","Foraging","",43,502.36,749.076,0.670639561272821
2025-07-17,"Broken beak","Broken beak","Open mouth","",46,NA,749.076,NA
2025-07-17,"Broken beak","Broken beak","Present head","",12,125.8,749.076,0.16794023570372
2025-07-17,"Broken beak","Broken beak","Resting","",2,27.32,749.076,0.0364715996774693
2025-07-17,"No focal subject","No focal","Begging session","Broken beak,Other crow #2",10,215.156,0,NA
2025-07-17,"No focal subject","No focal","Close proximity","Broken beak|Other crow #1",1,7.2,0,NA
2025-07-17,"No focal subject","No focal","Close proximity","Mutual|Mutual",4,59.238,0,NA
2025-07-17,"No focal subject","No focal","Close proximity","None|None",2,84.44,0,NA
2025-07-17,"No focal subject","No focal","Close proximity","Other crow #2|Broken beak",3,413.118,0,NA
2025-07-17,"No focal subject","No focal","Unclear video","",90,127.428,0,NA
2025-07-17,"No focal subject","No focal","Within 5m","Broken beak|Other crow #1",1,60.76,0,NA
2025-07-17,"No focal subject","No focal","Within 5m","Mutual|Mutual",4,210.48,0,NA
2025-07-17,"No focal subject","No focal","Within 5m","None|None",32,405.193,0,NA
2025-07-17,"No focal subject","No focal","Within 5m","Other crow #1|Other crow #2",1,102.759,0,NA
2025-07-17,"No focal subject","No focal","Within 5m","Other crow #2|Broken beak",1,3.4,0,NA
2025-07-17,"No focal subject","No focal","Within 5m","Other crow #2|Other crow #1",1,16.92,0,NA
2025-07-17,"Other crow #1","Other crows","Alert","",58,184.72,2940.199,0.0628256794863205
2025-07-17,"Other crow #1","Other crows","Brief flight","",1,10.68,2940.199,0.00363240719420692
2025-07-17,"Other crow #1","Other crows","Feed","Auto-|Successful|None",77,NA,2940.199,NA
2025-07-17,"Other crow #1","Other crows","Feed","Auto-|Unknown|None",137,NA,2940.199,NA
2025-07-17,"Other crow #1","Other crows","Feed","Auto-|Unsuccessful|None",7,NA,2940.199,NA
2025-07-17,"Other crow #1","Other crows","Foraging","",129,2105.239,2940.199,0.716019221828182
2025-07-17,"Other crow #1","Other crows","Open mouth","",5,NA,2940.199,NA
2025-07-17,"Other crow #1","Other crows","Preen","Auto-|None",4,32.48,2940.199,0.0110468713172136
2025-07-17,"Other crow #1","Other crows","Resting","",12,607.08,2940.199,0.206475820174077
2025-07-17,"Other crow #1","Other crows","Vocal","",1,NA,2940.199,NA
2025-07-17,"Other crow #2","Other crows","Alert","",3,4.62,812.336,0.00568730180614918
2025-07-17,"Other crow #2","Other crows","Feed","Auto-|Successful|None",2,NA,812.336,NA
2025-07-17,"Other crow #2","Other crows","Feed","Auto-|Unknown|None",7,NA,812.336,NA
2025-07-17,"Other crow #2","Other crows","Foraging","",37,487.2,812.336,0.599751826830277
2025-07-17,"Other crow #2","Other crows","Open mouth","",1,NA,812.336,NA
2025-07-17,"Other crow #2","Other crows","Preen","Allo-|Broken beak",6,59.52,812.336,0.0732701739181816
2025-07-17,"Other crow #2","Other crows","Resting","",2,45.84,812.336,0.0564298516869867
2025-07-17,"Other crow #3","Other crows","Foraging","",5,19.16,20.16,0.950396825396825
2025-07-17,"Other crow #3","Other crows","Foraging","Other crow #1",2,1,20.16,0.0496031746031746
2025-07-22,"Broken beak","Broken beak","Feed","Auto-|Unknown|None",1,NA,94.197,NA
2025-07-22,"Broken beak","Broken beak","Foraging","",5,39.839,94.197,0.422932789791607
2025-07-22,"Broken beak","Broken beak","Present head","",4,38.242,94.197,0.405978958990201
2025-07-22,"Broken beak","Broken beak","Resting","",4,16.118,94.197,0.171109483316878
2025-07-22,"No focal subject","No focal","Begging session","Broken beak,Other crow #1",4,38.24,0,NA
2025-07-22,"No focal subject","No focal","Close proximity","Mutual|Mutual",2,76.36,0,NA
2025-07-22,"No focal subject","No focal","Close proximity","Other crow #1|Broken beak",2,65.24,0,NA
2025-07-22,"No focal subject","No focal","Close proximity","Other crow #2|Broken beak",1,193.639,0,NA
2025-07-22,"No focal subject","No focal","Unclear video","",17,48.4,0,NA
2025-07-22,"No focal subject","No focal","Within 5m","Mutual|Mutual",2,111.798,0,NA
2025-07-22,"Other crow #1","Other crows","Alert","",6,21.439,1315.474,0.0162975474999886
2025-07-22,"Other crow #1","Other crows","Feed","Auto-|Successful|None",7,NA,1315.474,NA
2025-07-22,"Other crow #1","Other crows","Feed","Auto-|Unknown|None",5,NA,1315.474,NA
2025-07-22,"Other crow #1","Other crows","Feed","Auto-|Unsuccessful|None",3,NA,1315.474,NA
2025-07-22,"Other crow #1","Other crows","Foraging","",23,537.636,1315.474,0.408701350235733
2025-07-22,"Other crow #1","Other crows","Open mouth","",1,NA,1315.474,NA
2025-07-22,"Other crow #1","Other crows","Preen","Allo-|Broken beak",3,90.2,1315.474,0.068568439969167
2025-07-22,"Other crow #1","Other crows","Preen","Auto-|None",4,22.24,1315.474,0.0169064534912891
2025-07-22,"Other crow #1","Other crows","Resting","",8,605.719,1315.474,0.46045683913175
2025-07-22,"Other crow #1","Other crows","Vocal","",1,NA,1315.474,NA
2025-07-22,"Other crow #2","Other crows","Alert","",1,7.08,190.399,0.0371850692493133
2025-07-22,"Other crow #2","Other crows","Feed","Auto-|Unknown|None",2,NA,190.399,NA
2025-07-22,"Other crow #2","Other crows","Foraging","",6,73.639,190.399,0.386761485091833
2025-07-22,"Other crow #2","Other crows","Preen","Allo-|Broken beak",2,8.56,190.399,0.0449582193183788
2025-07-22,"Other crow #2","Other crows","Preen","Auto-|None",4,70.84,190.399,0.372060777630135
2025-07-22,"Other crow #2","Other crows","Resting","",1,30.28,190.399,0.15903444871034
2025-07-24,"Broken beak","Broken beak","Alert","",16,111.88,3321.363,0.033684966081696
2025-07-24,"Broken beak","Broken beak","Feed","Auto-|Successful|None",69,NA,3321.363,NA
2025-07-24,"Broken beak","Broken beak","Feed","Auto-|Unknown|None",85,NA,3321.363,NA
2025-07-24,"Broken beak","Broken beak","Feed","Auto-|Unsuccessful|None",125,NA,3321.363,NA
2025-07-24,"Broken beak","Broken beak","Foraging","",101,2479.044,3321.363,0.74639357396346
2025-07-24,"Broken beak","Broken beak","Open mouth","",1,NA,3321.363,NA
2025-07-24,"Broken beak","Broken beak","Preen","Auto-|None",5,50.72,3321.363,0.0152708391103291
2025-07-24,"Broken beak","Broken beak","Resting","",9,679.719,3321.363,0.204650620844515
2025-07-24,"No focal subject","No focal","Close proximity","Broken beak|Other crow #1",1,9.16,0,NA
2025-07-24,"No focal subject","No focal","Close proximity","Mutual|Mutual",8,169.88,0,NA
2025-07-24,"No focal subject","No focal","Close proximity","Other crow #1|Broken beak",4,151.839,0,NA
2025-07-24,"No focal subject","No focal","Close proximity","Other crow #2|Broken beak",1,14.88,0,NA
2025-07-24,"No focal subject","No focal","Unclear video","",72,233.719,0,NA
2025-07-24,"No focal subject","No focal","Within 5m","Broken beak|Other crow #1",1,501.08,0,NA
2025-07-24,"No focal subject","No focal","Within 5m","Mutual|Mutual",10,1336.481,0,NA
2025-07-24,"Other crow #1","Other crows","Feed","Auto-|Successful|None",16,NA,616.838,NA
2025-07-24,"Other crow #1","Other crows","Feed","Auto-|Unknown|None",23,NA,616.838,NA
2025-07-24,"Other crow #1","Other crows","Feed","Auto-|Unsuccessful|None",2,NA,616.838,NA
2025-07-24,"Other crow #1","Other crows","Foraging","",35,594.918,616.838,0.964463927319653
2025-07-24,"Other crow #1","Other crows","Preen","Auto-|None",1,1.68,616.838,0.00272356761418719
2025-07-24,"Other crow #1","Other crows","Resting","",1,20.24,616.838,0.03281250506616
2025-07-24,"Other crow #2","Other crows","Feed","Auto-|Unknown|None",2,NA,27.44,NA
2025-07-24,"Other crow #2","Other crows","Foraging","",3,27.44,27.44,1
2025-07-29,"Broken beak","Broken beak","Feed","Auto-|Unknown|None",4,NA,69.759,NA
2025-07-29,"Broken beak","Broken beak","Foraging","",8,67.559,69.759,0.968462850671598
2025-07-29,"Broken beak","Broken beak","Preen","Auto-|None",1,2.2,69.759,0.0315371493284021
2025-07-29,"No focal subject","No focal","Unclear video","",11,28.559,0,NA
2025-07-29,"No focal subject","No focal","Within 5m","Broken beak|Other crow #1",1,36.36,0,NA
2025-07-29,"Other crow #1","Other crows","Alert","",4,13.759,577.918,0.0238078758578207
2025-07-29,"Other crow #1","Other crows","Feed","Auto-|Successful|None",13,NA,577.918,NA
2025-07-29,"Other crow #1","Other crows","Feed","Auto-|Unknown|None",10,NA,577.918,NA
2025-07-29,"Other crow #1","Other crows","Feed","Auto-|Unsuccessful|None",12,NA,577.918,NA
2025-07-29,"Other crow #1","Other crows","Foraging","",21,532.68,577.918,0.921722458895553
2025-07-29,"Other crow #1","Other crows","Preen","Auto-|None",3,31.479,577.918,0.0544696652466267
2025-07-30,"Broken beak","Broken beak","Brief flight","",1,12,273.357,0.0438986380447547
2025-07-30,"Broken beak","Broken beak","Feed","Auto-|Successful|None",1,NA,273.357,NA
2025-07-30,"Broken beak","Broken beak","Feed","Auto-|Unknown|None",13,NA,273.357,NA
2025-07-30,"Broken beak","Broken beak","Foraging","",5,91.279,273.357,0.333918648507263
2025-07-30,"Broken beak","Broken beak","Preen","Auto-|None",4,84.039,273.357,0.307433136886928
2025-07-30,"Broken beak","Broken beak","Resting","",3,86.039,273.357,0.314749576561054
2025-07-30,"No focal subject","No focal","Close proximity","Mutual|Mutual",6,92.239,0,NA
2025-07-30,"No focal subject","No focal","Unclear video","",11,57.859,0,NA
2025-07-30,"Other crow #1","Other crows","Feed","Auto-|Successful|None",6,NA,95.24,NA
2025-07-30,"Other crow #1","Other crows","Feed","Auto-|Unknown|None",8,NA,95.24,NA
2025-07-30,"Other crow #1","Other crows","Foraging","",8,95.24,95.24,1
2025-07-30,"Other crow #2","Other crows","Feed","Auto-|Successful|None",5,NA,83.879,NA
2025-07-30,"Other crow #2","Other crows","Feed","Auto-|Unknown|None",8,NA,83.879,NA
2025-07-30,"Other crow #2","Other crows","Foraging","",5,83.879,83.879,1
2025-07-30,"Other crow #3","Other crows","Feed","Auto-|Successful|None",1,NA,90.358,NA
2025-07-30,"Other crow #3","Other crows","Feed","Auto-|Unknown|None",4,NA,90.358,NA
2025-07-30,"Other crow #3","Other crows","Foraging","",8,90.358,90.358,1
2025-07-30,"Other crow #4","Other crows","Feed","Auto-|Unknown|None",1,NA,10.8,NA
2025-07-30,"Other crow #4","Other crows","Foraging","",1,10.8,10.8,1
2025-08-12,"Broken beak","Broken beak","Foraging","",2,19.52,19.52,1
2025-08-12,"No focal subject","No focal","Unclear video","",30,157.329,0,NA
2025-08-12,"No focal subject","No focal","Within 5m","Mutual|Mutual",1,159.8,0,NA
2025-08-12,"No focal subject","No focal","Within 5m","Other crow #1|Other crow #2",1,598.4,0,NA
2025-08-12,"Other crow #1","Other crows","Alert","",31,187.676,3394.31,0.0552913552386199
2025-08-12,"Other crow #1","Other crows","Feed","Auto-|Successful|None",13,NA,3394.31,NA
2025-08-12,"Other crow #1","Other crows","Feed","Auto-|Unknown|None",15,NA,3394.31,NA
2025-08-12,"Other crow #1","Other crows","Feed","Auto-|Unsuccessful|None",6,NA,3394.31,NA
2025-08-12,"Other crow #1","Other crows","Foraging","",57,765.917,3394.31,0.225647333331369
2025-08-12,"Other crow #1","Other crows","Open mouth","",2,NA,3394.31,NA
2025-08-12,"Other crow #1","Other crows","Preen","Auto-|None",17,292.08,3394.31,0.0860498893736872
2025-08-12,"Other crow #1","Other crows","Resting","",25,2148.637,3394.31,0.633011422056324
2025-08-12,"Other crow #1","Other crows","Wing flutter","",7,NA,3394.31,NA
2025-08-12,"Other crow #2","Other crows","Alert","",9,96.76,845.797,0.114400973283187
2025-08-12,"Other crow #2","Other crows","Feed","Auto-|Successful|None",12,NA,845.797,NA
2025-08-12,"Other crow #2","Other crows","Feed","Auto-|Unknown|None",37,NA,845.797,NA
2025-08-12,"Other crow #2","Other crows","Feed","Auto-|Unsuccessful|None",2,NA,845.797,NA
2025-08-12,"Other crow #2","Other crows","Foraging","",24,531.317,845.797,0.628185013661671
2025-08-12,"Other crow #2","Other crows","Preen","Auto-|None",2,14.84,845.797,0.0175455812683185
2025-08-12,"Other crow #2","Other crows","Resting","",8,202.88,845.797,0.239868431786824
2025-08-14,"No focal subject","No focal","Unclear video","",14,85.24,0,NA
2025-08-14,"Other crow #1","Other crows","Aggression","Eurasian Magpie|Other crow #1|Supplanting",1,8.24,1030.524,0.00799593216654828
2025-08-14,"Other crow #1","Other crows","Alert","",4,35.76,1030.524,0.0347007929946319
2025-08-14,"Other crow #1","Other crows","Feed","Auto-|Successful|None",13,NA,1030.524,NA
2025-08-14,"Other crow #1","Other crows","Feed","Auto-|Unknown|None",12,NA,1030.524,NA
2025-08-14,"Other crow #1","Other crows","Feed","Auto-|Unsuccessful|None",6,NA,1030.524,NA
2025-08-14,"Other crow #1","Other crows","Foraging","",28,730.1,1030.524,0.708474523640401
2025-08-14,"Other crow #1","Other crows","Preen","Auto-|None",16,147.384,1030.524,0.143018503208077
2025-08-14,"Other crow #1","Other crows","Resting","",4,109.04,1030.524,0.105810247990343
2025-08-21,"Broken beak","Broken beak","Alert","",6,28.68,2485.759,0.0115377234880775
2025-08-21,"Broken beak","Broken beak","Feed","Auto-|Successful|None",102,NA,2485.759,NA
2025-08-21,"Broken beak","Broken beak","Feed","Auto-|Unknown|None",114,NA,2485.759,NA
2025-08-21,"Broken beak","Broken beak","Feed","Auto-|Unsuccessful|None",41,NA,2485.759,NA
2025-08-21,"Broken beak","Broken beak","Foraging","",77,2034.519,2485.759,0.818469932121336
2025-08-21,"Broken beak","Broken beak","Preen","Auto-|None",2,6.28,2485.759,0.00252639133560413
2025-08-21,"Broken beak","Broken beak","Resting","",8,416.28,2485.759,0.167465953054982
2025-08-21,"Broken beak","Broken beak","Vocal","",1,NA,2485.759,NA
2025-08-21,"No focal subject","No focal","Close proximity","Broken beak|Other crow #1",2,39.52,0,NA
2025-08-21,"No focal subject","No focal","Close proximity","Mutual|Mutual",5,50.439,0,NA
2025-08-21,"No focal subject","No focal","Close proximity","Other crow #1|Broken beak",6,93.358,0,NA
2025-08-21,"No focal subject","No focal","Unclear video","",63,276.74,0,NA
2025-08-21,"No focal subject","No focal","Within 5m","Broken beak|Other crow #1",1,23.32,0,NA
2025-08-21,"No focal subject","No focal","Within 5m","Mutual|Mutual",8,344.439,0,NA
2025-08-21,"No focal subject","No focal","Within 5m","Other crow #1|Broken beak",2,10.8,0,NA
2025-08-21,"Other crow #1","Other crows","Feed","Auto-|Successful|None",31,NA,671.081,NA
2025-08-21,"Other crow #1","Other crows","Feed","Auto-|Unknown|None",28,NA,671.081,NA
2025-08-21,"Other crow #1","Other crows","Feed","Auto-|Unsuccessful|None",5,NA,671.081,NA
2025-08-21,"Other crow #1","Other crows","Foraging","",39,662.761,671.081,0.987602092742903
2025-08-21,"Other crow #1","Other crows","Preen","Auto-|None",1,8.32,671.081,0.0123979072570971
2025-08-27,"No focal subject","No focal","Unclear video","",26,104.109,0,NA
2025-08-27,"Other crow #1","Other crows","Alert","",12,30.92,1635.89,0.0189010263526276
2025-08-27,"Other crow #1","Other crows","Feed","Auto-|Successful|None",74,NA,1635.89,NA
2025-08-27,"Other crow #1","Other crows","Feed","Auto-|Unknown|None",75,NA,1635.89,NA
2025-08-27,"Other crow #1","Other crows","Feed","Auto-|Unsuccessful|None",9,NA,1635.89,NA
2025-08-27,"Other crow #1","Other crows","Foraging","",36,1590.61,1635.89,0.972320877320602
2025-08-27,"Other crow #1","Other crows","Preen","Auto-|None",3,14.36,1635.89,0.00877809632677014
2025-08-28,"Broken beak","Broken beak","Feed","Auto-|Successful|None",17,NA,673.4,NA
2025-08-28,"Broken beak","Broken beak","Feed","Auto-|Unknown|None",40,NA,673.4,NA
2025-08-28,"Broken beak","Broken beak","Feed","Auto-|Unsuccessful|None",12,NA,673.4,NA
2025-08-28,"Broken beak","Broken beak","Foraging","",12,673.4,673.4,1
2025-08-28,"No focal subject","No focal","Unclear video","",12,28.638,0,NA
2025-08-28,"No focal subject","No focal","Within 5m","Other crow #1|Broken beak",1,78.52,0,NA
2025-08-28,"Other crow #1","Other crows","Feed","Auto-|Successful|None",9,NA,210.46,NA
2025-08-28,"Other crow #1","Other crows","Feed","Auto-|Unknown|None",13,NA,210.46,NA
2025-08-28,"Other crow #1","Other crows","Foraging","",12,210.46,210.46,1
2025-08-29,"Broken beak","Broken beak","Alert","",1,1.2,852.837,0.00140706840814833
2025-08-29,"Broken beak","Broken beak","Feed","Auto-|Successful|None",17,NA,852.837,NA
2025-08-29,"Broken beak","Broken beak","Feed","Auto-|Unknown|None",36,NA,852.837,NA
2025-08-29,"Broken beak","Broken beak","Feed","Auto-|Unsuccessful|None",3,NA,852.837,NA
2025-08-29,"Broken beak","Broken beak","Foraging","",38,660.438,852.837,0.774401204450557
2025-08-29,"Broken beak","Broken beak","Preen","Auto-|None",2,24.72,852.837,0.0289856092078557
2025-08-29,"Broken beak","Broken beak","Resting","",4,166.479,852.837,0.195206117933439
2025-08-29,"No focal subject","No focal","Close proximity","Mutual|Mutual",2,26.64,0,NA
2025-08-29,"No focal subject","No focal","Close proximity","Other crow #1|Broken beak",1,191.039,0,NA
2025-08-29,"No focal subject","No focal","Unclear video","",37,106.012,0,NA
2025-08-29,"No focal subject","No focal","Within 5m","Broken beak|Other crow #1",1,55.12,0,NA
2025-08-29,"No focal subject","No focal","Within 5m","Mutual|Mutual",10,263.716,0,NA
2025-08-29,"No focal subject","No focal","Within 5m","Other crow #1|Broken beak",2,43.8,0,NA
2025-08-29,"Other crow #1","Other crows","Alert","",16,43.879,1087.796,0.0403375265215169
2025-08-29,"Other crow #1","Other crows","Feed","Auto-|Successful|None",15,NA,1087.796,NA
2025-08-29,"Other crow #1","Other crows","Feed","Auto-|Unknown|None",19,NA,1087.796,NA
2025-08-29,"Other crow #1","Other crows","Feed","Auto-|Unsuccessful|None",2,NA,1087.796,NA
2025-08-29,"Other crow #1","Other crows","Foraging","",56,805.157,1087.796,0.74017278975102
2025-08-29,"Other crow #1","Other crows","Preen","Allo-|Broken beak",6,64.24,1087.796,0.0590551904952767
2025-08-29,"Other crow #1","Other crows","Preen","Auto-|None",12,174.52,1087.796,0.160434493232187
2025-08-29,"Other crow #2","Other crows","Feed","Auto-|Unknown|None",1,NA,34.28,NA
2025-08-29,"Other crow #2","Other crows","Foraging","",4,34.28,34.28,1
2025-09-02,"No focal subject","No focal","Unclear video","",10,50.635,0,NA
2025-09-02,"Other crow #1","Other crows","Alert","",2,11.6,486.156,0.0238606537819136
2025-09-02,"Other crow #1","Other crows","Feed","Auto-|Successful|None",14,NA,486.156,NA
2025-09-02,"Other crow #1","Other crows","Feed","Auto-|Unknown|None",14,NA,486.156,NA
2025-09-02,"Other crow #1","Other crows","Foraging","",15,461.876,486.156,0.95005718329096
2025-09-02,"Other crow #1","Other crows","Preen","Auto-|None",3,12.68,486.156,0.0260821629271263
2025-09-10,"Broken beak","Broken beak","Alert","",1,6.48,452.759,0.0143122500049695
2025-09-10,"Broken beak","Broken beak","Brief flight","",1,2.72,452.759,0.00600761111319709
2025-09-10,"Broken beak","Broken beak","Feed","Auto-|Successful|None",4,NA,452.759,NA
2025-09-10,"Broken beak","Broken beak","Feed","Auto-|Unknown|None",14,NA,452.759,NA
2025-09-10,"Broken beak","Broken beak","Feed","Auto-|Unsuccessful|None",1,NA,452.759,NA
2025-09-10,"Broken beak","Broken beak","Foraging","",9,443.559,452.759,0.979680138881833
2025-09-10,"No focal subject","No focal","Close proximity","Other crow #2|Broken beak",1,97.8,0,NA
2025-09-10,"No focal subject","No focal","Unclear video","",10,53.715,0,NA
2025-09-10,"No focal subject","No focal","Within 5m","Mutual|Mutual",2,204.96,0,NA
2025-09-10,"No focal subject","No focal","Within 5m","Other crow #1|Broken beak",1,17.64,0,NA
2025-09-10,"Other crow #1","Other crows","Alert","",1,2.52,307.52,0.0081945889698231
2025-09-10,"Other crow #1","Other crows","Feed","Auto-|Unknown|None",3,NA,307.52,NA
2025-09-10,"Other crow #1","Other crows","Foraging","",10,301.52,307.52,0.980489073881374
2025-09-10,"Other crow #1","Other crows","Preen","Auto-|None",1,3.48,307.52,0.0113163371488033
2025-09-10,"Other crow #2","Other crows","Alert","",1,18.6,254.88,0.0729755178907721
2025-09-10,"Other crow #2","Other crows","Feed","Auto-|Successful|None",2,NA,254.88,NA
2025-09-10,"Other crow #2","Other crows","Feed","Auto-|Unknown|None",11,NA,254.88,NA
2025-09-10,"Other crow #2","Other crows","Foraging","",3,230.2,254.88,0.903170119271814
2025-09-10,"Other crow #2","Other crows","Preen","Auto-|None",1,6.08,254.88,0.0238543628374137
2025-09-15,"Broken beak","Broken beak","Alert","",3,1.24,114.36,0.0108429520811473
2025-09-15,"Broken beak","Broken beak","Feed","Auto-|Successful|None",10,NA,114.36,NA
2025-09-15,"Broken beak","Broken beak","Feed","Auto-|Unknown|None",10,NA,114.36,NA
2025-09-15,"Broken beak","Broken beak","Feed","Auto-|Unsuccessful|None",32,NA,114.36,NA
2025-09-15,"Broken beak","Broken beak","Foraging","",6,113.12,114.36,0.989157047918853
2025-09-15,"No focal subject","No focal","Close proximity","Broken beak|Other crow #1",2,102.718,0,NA
2025-09-15,"No focal subject","No focal","Close proximity","Broken beak|Other crow #2",1,10,0,NA
2025-09-15,"No focal subject","No focal","Close proximity","Mutual|Mutual",1,6.04,0,NA
2025-09-15,"No focal subject","No focal","Unclear video","",8,15.92,0,NA
2025-09-15,"No focal subject","No focal","Within 5m","Broken beak|Other crow #1",1,4.92,0,NA
2025-09-15,"No focal subject","No focal","Within 5m","Mutual|Mutual",1,64.48,0,NA
2025-09-15,"Other crow #1","Other crows","Alert","",3,11.839,1229.317,0.00963055094820945
2025-09-15,"Other crow #1","Other crows","Brief flight","",1,3.52,1229.317,0.00286337860779604
2025-09-15,"Other crow #1","Other crows","Feed","Auto-|Successful|None",62,NA,1229.317,NA
2025-09-15,"Other crow #1","Other crows","Feed","Auto-|Unknown|None",39,NA,1229.317,NA
2025-09-15,"Other crow #1","Other crows","Feed","Auto-|Unsuccessful|None",304,NA,1229.317,NA
2025-09-15,"Other crow #1","Other crows","Foraging","",15,1097.598,1229.317,0.892851884420373
2025-09-15,"Other crow #1","Other crows","Preen","Auto-|None",4,31.84,1229.317,0.025900561043246
2025-09-15,"Other crow #1","Other crows","Resting","",1,84.52,1229.317,0.0687536249803753
2025-09-15,"Other crow #1","Other crows","Unclear video","",1,1.791,1229.317,0.00145690655868259
2025-09-15,"Other crow #2","Other crows","Foraging","",1,10,10,1
2025-09-16,"Broken beak","Broken beak","Alert","",2,12.6,48.56,0.259472817133443
2025-09-16,"Broken beak","Broken beak","Foraging","",2,35.96,48.56,0.740527182866557
2025-09-16,"No focal subject","No focal","Unclear video","",1,7.04,0,NA
2025-09-19,"Broken beak","Broken beak","Feed","Auto-|Successful|None",10,NA,78.879,NA
2025-09-19,"Broken beak","Broken beak","Feed","Auto-|Unknown|None",15,NA,78.879,NA
2025-09-19,"Broken beak","Broken beak","Feed","Auto-|Unsuccessful|None",5,NA,78.879,NA
2025-09-19,"Broken beak","Broken beak","Foraging","",3,78.879,78.879,1
2025-09-19,"No focal subject","No focal","Close proximity","Mutual|Mutual",2,49.04,0,NA
2025-09-19,"No focal subject","No focal","Close proximity","Other crow #1|Broken beak",1,31.08,0,NA
2025-09-19,"No focal subject","No focal","Unclear video","",2,9.36,0,NA
2025-09-19,"Other crow #1","Other crows","Alert","",14,38.799,655.417,0.059197426981601
2025-09-19,"Other crow #1","Other crows","Feed","Auto-|Successful|None",36,NA,655.417,NA
2025-09-19,"Other crow #1","Other crows","Feed","Auto-|Unknown|None",14,NA,655.417,NA
2025-09-19,"Other crow #1","Other crows","Feed","Auto-|Unsuccessful|None",3,NA,655.417,NA
2025-09-19,"Other crow #1","Other crows","Foraging","",18,608.858,655.417,0.928962782472838
2025-09-19,"Other crow #1","Other crows","Preen","Auto-|None",1,7.76,655.417,0.0118397905455611
2025-09-19,"Other crow #1","Other crows","Vocal","",5,NA,655.417,NA
2025-09-25,"Broken beak","Broken beak","Alert","",1,2.68,1584.403,0.00169148884469418
2025-09-25,"Broken beak","Broken beak","Feed","Auto-|Successful|None",130,NA,1584.403,NA
2025-09-25,"Broken beak","Broken beak","Feed","Auto-|Unknown|None",80,NA,1584.403,NA
2025-09-25,"Broken beak","Broken beak","Feed","Auto-|Unsuccessful|None",375,NA,1584.403,NA
2025-09-25,"Broken beak","Broken beak","Foraging","",100,1581.723,1584.403,0.998308511155306
2025-09-25,"No focal subject","No focal","Close proximity","Broken beak|Other crow #1",2,69.32,0,NA
2025-09-25,"No focal subject","No focal","Close proximity","Broken beak|Other crow #2",1,8.8,0,NA
2025-09-25,"No focal subject","No focal","Close proximity","Mutual|Mutual",9,32,0,NA
2025-09-25,"No focal subject","No focal","Close proximity","Other crow #1|Broken beak",8,26.998,0,NA
2025-09-25,"No focal subject","No focal","Unclear video","",97,279.264,0,NA
2025-09-25,"Other crow #1","Other crows","Feed","Auto-|Successful|None",2,NA,131.878,NA
2025-09-25,"Other crow #1","Other crows","Feed","Auto-|Unknown|None",1,NA,131.878,NA
2025-09-25,"Other crow #1","Other crows","Feed","Auto-|Unsuccessful|None",16,NA,131.878,NA
2025-09-25,"Other crow #1","Other crows","Foraging","",16,128.918,131.878,0.97755501296653
2025-09-25,"Other crow #1","Other crows","Preen","Auto-|None",3,2.96,131.878,0.0224449870334703
2025-09-25,"Other crow #2","Other crows","Feed","Auto-|Unsuccessful|None",1,NA,8.8,NA
2025-09-25,"Other crow #2","Other crows","Foraging","",1,8.8,8.8,1
2025-10-09,"Broken beak","Broken beak","Feed","Auto-|Unknown|None",3,NA,72.16,NA
2025-10-09,"Broken beak","Broken beak","Foraging","",6,72.16,72.16,1
2025-10-09,"No focal subject","No focal","Unclear video","",59,222.323,0,NA
2025-10-09,"Other crow #1","Other crows","Alert","",3,13.48,603.007,0.0223546326991229
2025-10-09,"Other crow #1","Other crows","Feed","Auto-|Successful|None",116,NA,603.007,NA
2025-10-09,"Other crow #1","Other crows","Feed","Auto-|Unknown|None",8,NA,603.007,NA
2025-10-09,"Other crow #1","Other crows","Feed","Auto-|Unsuccessful|None",5,NA,603.007,NA
2025-10-09,"Other crow #1","Other crows","Foraging","",62,568.847,603.007,0.943350574703113
2025-10-09,"Other crow #1","Other crows","Resting","",1,20.68,603.007,0.0342947925977642
2025-10-09,"Other crow #2","Other crows","Resting","",2,8.32,8.32,1
2025-10-10,"No focal subject","No focal","Unclear video","",5,10.784,0,NA
2025-10-10,"Other crow #1","Other crows","Alert","",1,1.679,57.239,0.0293331469802058
2025-10-10,"Other crow #1","Other crows","Preen","Auto-|None",3,10.64,57.239,0.185887244710774
2025-10-10,"Other crow #1","Other crows","Resting","",3,44.92,57.239,0.78477960830902
2025-10-17,"Broken beak","Broken beak","Feed","Auto-|Unknown|None",6,NA,33.64,NA
2025-10-17,"Broken beak","Broken beak","Foraging","",6,28.76,33.64,0.854934601664685
2025-10-17,"Broken beak","Broken beak","Open mouth","",1,NA,33.64,NA
2025-10-17,"Broken beak","Broken beak","Wing flutter","",3,NA,33.64,NA
2025-10-17,"No focal subject","No focal","Begging session","Broken beak,Other crow #1",1,4.88,0,NA
2025-10-17,"No focal subject","No focal","Close proximity","Other crow #1|Broken beak",2,7.36,0,NA
2025-10-17,"No focal subject","No focal","Unclear video","",22,58.116,0,NA
2025-10-17,"Other crow #1","Other crows","Alert","",10,38.72,326.959,0.118424634281362
2025-10-17,"Other crow #1","Other crows","Brief flight","",1,22.92,326.959,0.070100532482666
2025-10-17,"Other crow #1","Other crows","Feed","Auto-|Successful|None",18,NA,326.959,NA
2025-10-17,"Other crow #1","Other crows","Feed","Auto-|Unknown|None",10,NA,326.959,NA
2025-10-17,"Other crow #1","Other crows","Feed","Auto-|Unsuccessful|None",6,NA,326.959,NA
2025-10-17,"Other crow #1","Other crows","Foraging","",24,249.519,326.959,0.763150731437275
2025-10-17,"Other crow #1","Other crows","Preen","Auto-|None",3,10.92,326.959,0.0333986830153016
2025-10-17,"Other crow #1","Other crows","Vocal","",4,NA,326.959,NA
2025-10-24,"Broken beak","Broken beak","Alert","",1,0.88,296.757,0.00296538919048245
2025-10-24,"Broken beak","Broken beak","Feed","Auto-|Successful|None",12,NA,296.757,NA
2025-10-24,"Broken beak","Broken beak","Feed","Auto-|Unknown|None",32,NA,296.757,NA
2025-10-24,"Broken beak","Broken beak","Feed","Auto-|Unsuccessful|None",29,NA,296.757,NA
2025-10-24,"Broken beak","Broken beak","Foraging","",13,269.757,296.757,0.909016468019288
2025-10-24,"Broken beak","Broken beak","Resting","",1,26.12,296.757,0.088018142790229
2025-10-24,"Broken beak","Broken beak","Vocal","",2,NA,296.757,NA
2025-10-24,"No focal subject","No focal","Close proximity","Mutual|Mutual",2,3.88,0,NA
2025-10-24,"No focal subject","No focal","Close proximity","Other crow #1|Broken beak",1,26.119,0,NA
2025-10-24,"No focal subject","No focal","Unclear video","",15,126.714,0,NA
2025-10-24,"No focal subject","No focal","Within 5m","Mutual|Mutual",1,8.6,0,NA
2025-10-24,"Other crow #1","Other crows","Feed","Auto-|Successful|None",2,NA,41,NA
2025-10-24,"Other crow #1","Other crows","Feed","Auto-|Unknown|None",4,NA,41,NA
2025-10-24,"Other crow #1","Other crows","Foraging","",6,41,41,1
2025-10-27,"No focal subject","No focal","Unclear video","",3,23.5,0,NA
2025-10-27,"Other crow #1","Other crows","Foraging","",4,42.6,44.24,0.962929475587703
2025-10-27,"Other crow #1","Other crows","Preen","Auto-|None",1,1.64,44.24,0.0370705244122966
2025-10-30,"Broken beak","Broken beak","Alert","",5,40.279,477.078,0.0844285420832652
2025-10-30,"Broken beak","Broken beak","Feed","Auto-|Successful|None",5,NA,477.078,NA
2025-10-30,"Broken beak","Broken beak","Feed","Auto-|Unknown|None",45,NA,477.078,NA
2025-10-30,"Broken beak","Broken beak","Feed","Auto-|Unsuccessful|None",55,NA,477.078,NA
2025-10-30,"Broken beak","Broken beak","Foraging","",6,240.359,477.078,0.503814889808375
2025-10-30,"Broken beak","Broken beak","Preen","Auto-|None",6,93.44,477.078,0.195858958073942
2025-10-30,"Broken beak","Broken beak","Resting","",3,103,477.078,0.215897610034418
2025-10-30,"No focal subject","No focal","Close proximity","Mutual|Mutual",2,95.52,0,NA
2025-10-30,"No focal subject","No focal","Unclear video","",11,37.942,0,NA
2025-10-30,"Other crow #1","Other crows","Resting","",2,97.08,97.08,1
2025-10-31,"No focal subject","No focal","Close proximity","Mutual|Mutual",1,101.2,0,NA
2025-10-31,"No focal subject","No focal","Close proximity","Other crow #1|Other crow #2",2,82.4,0,NA
2025-10-31,"No focal subject","No focal","Unclear video","",11,52.624,0,NA
2025-10-31,"No focal subject","No focal","Within 5m","Mutual|Mutual",1,11.76,0,NA
2025-10-31,"Other crow #1","Other crows","Feed","Auto-|Successful|None",21,NA,635.196,NA
2025-10-31,"Other crow #1","Other crows","Feed","Auto-|Unknown|None",58,NA,635.196,NA
2025-10-31,"Other crow #1","Other crows","Feed","Auto-|Unsuccessful|None",29,NA,635.196,NA
2025-10-31,"Other crow #1","Other crows","Foraging","",11,565.676,635.196,0.890553466961379
2025-10-31,"Other crow #1","Other crows","Resting","",1,69.52,635.196,0.109446533038621
2025-10-31,"Other crow #1","Other crows","Unclear video","",1,0.34,635.196,0.000535267854331576
2025-10-31,"Other crow #1","Other crows","Vocal","",3,NA,635.196,NA
2025-10-31,"Other crow #2","Other crows","Brief flight","",3,5.759,326.799,0.0176224529450825
2025-10-31,"Other crow #2","Other crows","Feed","Auto-|Successful|None",2,NA,326.799,NA
2025-10-31,"Other crow #2","Other crows","Feed","Auto-|Unknown|None",40,NA,326.799,NA
2025-10-31,"Other crow #2","Other crows","Feed","Auto-|Unsuccessful|None",3,NA,326.799,NA
2025-10-31,"Other crow #2","Other crows","Foraging","",9,295,326.799,0.902695540684029
2025-10-31,"Other crow #2","Other crows","Resting","",1,26.04,326.799,0.0796820063708885
2025-11-06,"Broken beak","Broken beak","Alert","",20,105.159,1536.558,0.0684380283725053
2025-11-06,"Broken beak","Broken beak","Brief flight","",3,9.52,1536.558,0.00619566589741487
2025-11-06,"Broken beak","Broken beak","Feed","Auto-|Successful|None",65,NA,1536.558,NA
2025-11-06,"Broken beak","Broken beak","Feed","Auto-|Unknown|None",51,NA,1536.558,NA
2025-11-06,"Broken beak","Broken beak","Feed","Auto-|Unsuccessful|None",148,NA,1536.558,NA
2025-11-06,"Broken beak","Broken beak","Foraging","",26,856.039,1536.558,0.55711466797869
2025-11-06,"Broken beak","Broken beak","Preen","Auto-|None",20,403.84,1536.558,0.262821188656725
2025-11-06,"Broken beak","Broken beak","Resting","",3,162,1536.558,0.105430449094665
2025-11-06,"No focal subject","No focal","Close proximity","Other crow #1|Broken beak",1,6.44,0,NA
2025-11-06,"No focal subject","No focal","Unclear video","",32,93.827,0,NA
2025-11-06,"No focal subject","No focal","Within 5m","Other crow #2|Other crow #1",1,7.84,0,NA
2025-11-06,"Other crow #1","Other crows","Alert","",2,8.08,200.44,0.0403113151067651
2025-11-06,"Other crow #1","Other crows","Feed","Auto-|Successful|None",9,NA,200.44,NA
2025-11-06,"Other crow #1","Other crows","Feed","Auto-|Unknown|None",2,NA,200.44,NA
2025-11-06,"Other crow #1","Other crows","Feed","Auto-|Unsuccessful|None",3,NA,200.44,NA
2025-11-06,"Other crow #1","Other crows","Foraging","",7,192.36,200.44,0.959688684893235
2025-11-06,"Other crow #1","Other crows","Vocal","",2,NA,200.44,NA
2025-11-06,"Other crow #2","Other crows","Feed","Auto-|Successful|None",2,NA,11.56,NA
2025-11-06,"Other crow #2","Other crows","Feed","Auto-|Unknown|None",1,NA,11.56,NA
2025-11-06,"Other crow #2","Other crows","Foraging","",2,11.56,11.56,1
2025-11-19,"Broken beak","Broken beak","Feed","Auto-|Unknown|None",1,NA,10.12,NA
2025-11-19,"Broken beak","Broken beak","Foraging","",1,10.12,10.12,1
2025-11-19,"No focal subject","No focal","Unclear video","",12,53.956,0,NA
2025-11-19,"Other crow #1","Other crows","Alert","",14,46.079,362.238,0.127206422296943
2025-11-19,"Other crow #1","Other crows","Feed","Auto-|Successful|None",3,NA,362.238,NA
2025-11-19,"Other crow #1","Other crows","Feed","Auto-|Unknown|None",4,NA,362.238,NA
2025-11-19,"Other crow #1","Other crows","Feed","Auto-|Unsuccessful|None",4,NA,362.238,NA
2025-11-19,"Other crow #1","Other crows","Foraging","",23,272.639,362.238,0.75265157161866
2025-11-19,"Other crow #1","Other crows","Preen","Auto-|None",1,23.28,362.238,0.0642671392841171
2025-11-19,"Other crow #1","Other crows","Resting","",1,20.24,362.238,0.0558748668002805
2025-11-20,"Broken beak","Broken beak","Feed","Auto-|Successful|None",28,NA,250.6,NA
2025-11-20,"Broken beak","Broken beak","Feed","Auto-|Unknown|None",27,NA,250.6,NA
2025-11-20,"Broken beak","Broken beak","Feed","Auto-|Unsuccessful|None",21,NA,250.6,NA
2025-11-20,"Broken beak","Broken beak","Foraging","",17,250.6,250.6,1
2025-11-20,"No focal subject","No focal","Unclear video","",20,45.464,0,NA
2025-11-20,"Other crow #1","Other crows","Alert","",1,4,128.4,0.0311526479750779
2025-11-20,"Other crow #1","Other crows","Preen","Auto-|None",2,13.36,128.4,0.10404984423676
2025-11-20,"Other crow #1","Other crows","Resting","",3,111.04,128.4,0.864797507788162
